StateName,DistrictName,BlockName,Season,Sector,Category,Crop,QueryType,QueryText,KccAns,CreatedOn,year,month
BIHAR,MUZAFFARPUR,AURAI,,AGRICULTURE,Others,Others,Government Schemes,"Kisan Credit Card related query
","किसान भाई किसान क्रेडिट कार्ड के ऑनलाइन आवेदन कॉमन सर्विस सेंटर (C.S.C.)  से  करवाये |
",2025-01-03T21:12:18.063,2025,1
BIHAR,MUZAFFARPUR,MOTIPUR,,AGRICULTURE,Others,Others,Government Schemes,Vermi Compost Registration Information ..?,महोदय यदि आपने वर्मी कंपोस्ट के लिए आवेदन किया है तो उसकी स्थिति की जानकारी के लिए अपने ब्लॉक में संपर्क करें |,2025-01-04T13:15:12.153,2025,1
BIHAR,MUZAFFARPUR,AURAI,,AGRICULTURE,Others,Others,Government Schemes,Query about Custam Hearing Center,किसान भाई कस्टम हरिंग सेंटर के अंतर्गत   किसान जो समूह से जुदा जुड़ा हो उसको ट्रैक्टर दिया जाता है |,2025-01-04T19:07:49.293,2025,1
BIHAR,MUZAFFARPUR,KATRA,,AGRICULTURE,Cereals,Wheat,	Water Management	,Farmer asked query on Weather,महोदय जी मौसम का पूर्वानुमान आपके मुजफ्फरपुर जिला के कटरा प्रखंड में आज बारिश नहीं होने की संभावना है दिन का अधिकतम तापमान 27 डिग्री सेंटीग्रेड तथा न्यूनतम तापमान 13 डिग्री सेंटीग्रेड तथा हवा की गति 4 किलोमीटर प्रति घंटा और पूर्वी हवा चलने की संभावना है मौसम के अनुसार गेहूं की सिंचाई करिए | ,2025-01-05T11:43:27.743,2025,1
BIHAR,MUZAFFARPUR,AURAI,,AGRICULTURE,Millets,Maize (Makka),	Plant Protection	,Query about protection of fall army warm in maize...?,"किसान भाई मक्का में फॉल आर्मी वर्म कीट के प्रबंधन के लिए प्रोफेनोफॉस 40% + साइपरमेथ्रिन 4% ईसी का छिड़काव 2 मिलीलीटर प्रति लीटर पानी में  15 से 20 दिन के अंतराल पर स्टीकर के साथ मिलाकर छिड़काव करते रहें | 
",2025-01-05T13:02:28.293,2025,1
BIHAR,MUZAFFARPUR,PAROO,,AGRICULTURE,Others,Others,Government Schemes,Query related to new farmer registration ,"--किसान भाई डी. वी. टी. पोर्टल के हेल्प लाइन 0612-2233555 पर संपर्क कर सकते हैं | 10 बजे से 6 बजे तक (शनिवार, रविवार एवं अवकाश के दिन को छोड़कर) ",2025-01-05T13:50:47.76,2025,1
BIHAR,MUZAFFARPUR,SARAIYA,,AGRICULTURE,Others,Others,Government Schemes,Chief Minister New and Renewable Solar Pump Scheme ,अधिक जानकारी के लिए  18003456204 इस नंबर पर संपर्क करें ,2025-01-05T15:41:24.58,2025,1
BIHAR,MUZAFFARPUR,KURHANI,,ANIMAL HUSBANDRY,Animal,Goat,Animal Nutrition,Query related to Goat's Nutrition,किसान भाई अधिक जानकारी के लिए पशुपालन विभाग के हेल्पलाइन नंबर पर संपर्क करें :-  06122230942     ,2025-01-06T08:08:23.72,2025,1
BIHAR,MUZAFFARPUR,KATRA,,AGRICULTURE,Others,Others,Government Schemes,query about Bihar Raj fasal sahayata Yojana ?,"प्रिय कृषक बंधू आप अपने ब्लॉक में, प्रखंड / जिला सहकारिता पदाधिकारी  से संपर्क करें , 
सहकारिता विभाग का हेल्प लाईन नंबर 
 0612-2200693, 18001800110     ",2025-01-06T08:37:30.81,2025,1
BIHAR,MUZAFFARPUR,AURAI,,AGRICULTURE,Others,Others,Government Schemes,Query related to input scheme ,किसान भाई आप ब्लॉक में एग्रीकल्चर कोऑर्डिनेटर से संपर्क करें | ,2025-01-06T11:22:35.917,2025,1
BIHAR,MUZAFFARPUR,BANDRA,,AGRICULTURE,Cereals,Wheat,Nutrient Management,Query about nutrient mangement in wheat ,"किसान भाई आप अपने गेहूं की फसल में  NPK 19:19:19 की 5 ग्राम मात्रा प्रति लीटर पानी की दर से स्प्रे करे I 
",2025-01-06T11:59:53.453,2025,1
BIHAR,MUZAFFARPUR,MOTIPUR,,AGRICULTURE,Others,Others,Government Schemes,Query about Agricultural Input Subsidy Scheme-(2024-25).,"कृषक बंधू,कृषि इनपुट अनुदान योजना में क़िस्त जल्द ही जारी की जाएगी आप कुछ समय प्रतीक्षा करें |",2025-01-06T12:08:49.937,2025,1
BIHAR,MUZAFFARPUR,BOCHAHAN,,AGRICULTURE,Others,Others,Government Schemes,Query about apply for the Pradhan Mantri Kisan Samman Nidhi Yojana,किसान भाई प्रधानमंत्री किसान सम्माननिधि योजना मेंआप इस लिंक के माध्यम से आवेदन कर सकते हैं pmkisan.gov.in/RegistrationFormNew.aspx,2025-01-06T14:51:26.737,2025,1
BIHAR,MUZAFFARPUR,PAROO,,HORTICULTURE,Vegetables,Chillies,	Plant Protection	,"Flower Dropping in Chilli Crop ..?
","महोदय आप मिर्च में फूल झड़ने से बचाने के लिए प्लानोफिक्स 1 ml दवा 4 लीटर पानी में घोल बना कर स्प्रे करें |
",2025-01-07T09:58:09.593,2025,1
BIHAR,MUZAFFARPUR,MOTIPUR,,AGRICULTURE,Cereals,Wheat,	Plant Protection	,Query related to  Stem borer in paddy crop,कार्टाप हाइड्रोक्लोराइड 50 SP 400gm 120-150 लीटर पानी और स्टिकर मिलाकर छिड़काव करे | ,2025-01-07T11:32:41.353,2025,1
BIHAR,MUZAFFARPUR,SAKRA,,AGRICULTURE,Cereals,Wheat,	Water Management	,Farmer asked query on Weather,"महोदय मौसम विभाग के पूर्वानुमान के अनुसार आपके जिला - मुजफ्फरपुर ब्लॉक -सकरा मे , 8 जनवरी से 12 जनवरी मे आपके क्षेत्र में वर्षा होने की संभावना नहीं है, और आंशिक रूप से बादल छाए रहेंगे। आज का अपेक्षित अधिकतम तापमान (22 डिग्री सेल्सियस और न्यूनतम तापमान 8 डिग्री सेल्सियस और हवा की गति 7 किलोमीटर प्रति घंटा) चलने की संभावना है। मौसम के अनुसार फसल की सिंचाई करें|",2025-01-07T16:17:06.74,2025,1
BIHAR,MUZAFFARPUR,MINAPUR,,AGRICULTURE,Cereals,Wheat,Weed Management,Query related to weed management in wheat,किसान भाई गेहूं के खेत में खरपतवार नियंत्रण के लिए निराई गुराई करवाए |,2025-01-07T17:12:54.633,2025,1
BIHAR,MUZAFFARPUR,SAKRA,,AGRICULTURE,Others,Others,Government Schemes,KVK Help line number,"वीके विवरण खोजें
मानचित्र देखें
केवीके विवरण
राज्य :

बिहार
जिला :
मुजफ्फरपुर
वापस
केवीके नाम मुजफ्फरपुर अतिरिक्त
केवीके पता कृषि विज्ञान केंद्र, तुर्की, मुजफ्फरपुर-II (बिहार) 844127
संपर्क विवरण डॉ. एम.एल. मीना, प्रमुख केवीके, संपर्क नंबर: +91-9414856397
लैंडलाइन नंबर 9414856397
फैक्स नंबर 9414856397
ईमेल head.kvk.turki@rpcau.ac.in
पिनकोड 844127
अटारी पता आईसीएआर-अटारी जोन-IV पटना
आईसीएआर-कृषि प्रौद्योगिकी अनुप्रयोग अनुसंधान संस्थान, जोन-IV, पटना।
मेजबान संस्थान पता डॉ. राजेंद्र प्रसाद केंद्रीय कृषि विश्वविद्यालय
पूसा, समस्तीपुर, बिहार",2025-01-07T19:45:17.137,2025,1
BIHAR,MUZAFFARPUR,KATRA,,HORTICULTURE,Vegetables,Potato,	Plant Protection	,query related about leaf curl in potato,Imidacloprid 17.8 SL @ 1 ml/3 लीटर पानी में मिलाकर छिड़काव  करे ,2025-01-08T10:26:59.8,2025,1
BIHAR,MUZAFFARPUR,AURAI,,AGRICULTURE,Cereals,Wheat,	Plant Protection	,Information about insect problem in Wheat...?,"श्रीमान जी कारटॉप हाइड्रोक्लोराइड 4 जी 8-10 किलोग्राम/एकड़ की दर से प्रयोग करें
",2025-01-08T13:55:03.277,2025,1
BIHAR,MUZAFFARPUR,SARAIYA,,AGRICULTURE,Cereals,Wheat,Weed Management,query about weed management in wheat crops ,किसान भाई गेहूं की फसल में सल्फोसल्फुरान 75% +मेटसल्फुरान 5% (Sulfosulfuron 75% + Metsulfuron Methyl 5% WG) की  16 ग्राम / 120 लीटर पानी में मिलाकर एक एकड़ की दर से छिरकाव करे|(चौड़ी पत्ती और सकरी पत्ती खरपतवार नियंत्रण हेतु)  ,2025-01-08T15:12:27.33,2025,1
BIHAR,MUZAFFARPUR,MOTIPUR,,HORTICULTURE,Fruits,Mango,	Plant Protection	,"Mango die back
","किसान भाई रोगग्रस्त टहनियों को प्रभावित भाग से 2-3 इंच नीचे काट ले और संक्रमित पेड़ों पर कॉपर ऑक्सीक्लोराइड 3 ग्राम प्रति लीटर पानी का छिड़काव करने से रोग पर नियंत्रण होता है। कांटे गए टहनियों के कटे सिरे को कॉपर ऑक्सीक्लोराइड का लेप लगा दें |
",2025-01-08T15:30:42.873,2025,1
BIHAR,MUZAFFARPUR,BOCHAHAN,,AGRICULTURE,Millets,Maize (Makka),	Plant Protection	,Query about fall army warm management in maize,प्रिय कृषक बंधू आप क्लोरपाइरीफोस 50%+साइपरमेथ्रिन 5% EC @ 2ml /लीटर पानी दवा का छिड़काव करे,2025-01-08T16:57:38.33,2025,1
BIHAR,MUZAFFARPUR,SAKRA,,HORTICULTURE,Vegetables,Potato,Weather,Farmer asked query on Weather,महोदय जी मौसम से संबंधित अधिक जानकारी के लिए आप 18001801717 नंबर से संपर्क करें ,2025-01-08T18:31:11.47,2025,1
BIHAR,MUZAFFARPUR,BANDRA,,AGRICULTURE,Millets,Maize (Makka),	Plant Protection	,Prevention of Fall army warm in maize query related ,"प्रिय कृषक बंधू मक्का में फॉल आर्मी वर्म कीट के प्रबंधन के लिए प्रोफेनोफॉस 40% + साइपरमेथ्रिन 4% ईसी का छिड़काव 2 मिलीलीटर प्रति लीटर पानी में स्टीकर के साथ मिलाकर छिड़काव करें |
",2025-01-09T10:47:35.24,2025,1
BIHAR,MUZAFFARPUR,GAIGHAT,,AGRICULTURE,Cereals,Wheat,	Plant Protection	,query related about yellowings of leaf in wheat,Carbendazim 12% + Mancozeb 63% WP की 2 ग्राम मात्रा प्रति लीटर पानी की दर से स्प्रे करे | ,2025-01-09T12:21:00.31,2025,1
BIHAR,MUZAFFARPUR,GAIGHAT,,AGRICULTURE,Cereals,Wheat,	Plant Protection	,Query about management of chlorosis in wheat crop.,"कृषक बंधू , गेहू के फसल में Sulphur 80% WDG का 2 ग्राम मात्रा प्रति लीटर पानी में घोल बनाकर छिड़काव करें |",2025-01-09T12:22:28.82,2025,1
BIHAR,MUZAFFARPUR,SARAIYA,,HORTICULTURE,Fruits,Jack Fruit,	Plant Protection	, Query about Rhizopus rot in jack fruit  ," 

किसान भाई कटहल में राइजोपस रॉट बीमारी के नियंत्रण के लिए कॉपर ऑक्सीकॉलोराइड  3 ग्राम प्रति लीटर पानी और स्टिकर को मिलाकर छिड़काव 15 दिन के अंतराल पर दो बार करें | ",2025-01-09T12:48:03.727,2025,1
BIHAR,MUZAFFARPUR,KATRA,,AGRICULTURE,Millets,Maize (Makka),Weed Management,WEED MANAGEMENT RELATED QUERY IN MAIZE,किसान भाई अभी आप कोई दवा का स्प्रे नहीं करे केवल निराई गुराई करे  ,2025-01-09T13:30:53.12,2025,1
BIHAR,MUZAFFARPUR,KATRA,,AGRICULTURE,Millets,Maize (Makka),	Plant Protection	,query related about a stem Borer in maize,Emamectin Benzoate 5% 4 ग्राम  प्रति 10 लीटर पानी की दर से स्प्रे करे ,2025-01-09T13:31:58.047,2025,1
BIHAR,MUZAFFARPUR,AURAI,,AGRICULTURE,Others,Others,Government Schemes,Query about next installment of pm kisan,किसान भाई पीएम किसान की अगली किस्त फरवरी में आने की संभावना है कृपया प्रतीक्षा करें,2025-01-09T14:46:22.86,2025,1
BIHAR,MUZAFFARPUR,BOCHAHAN,,AGRICULTURE,Millets,Maize (Makka),	Plant Protection	,Query about Stem borer of maize,"किसान भाई मक्के में स्पाइनटोरम 11.7 एससी@170 मिली/एकड़/120 लीटर पानी का छिड़काव करें या  
क्लोरएंट्रानिलिप्रोल 18.5 एससी@80 मिली/एकड़/120 लीटर पानी का छिड़काव करे ",2025-01-09T15:20:34.337,2025,1
BIHAR,MUZAFFARPUR,KATRA,,AGRICULTURE,Others,Others,Government Schemes,Call disconnected by the farmer,"प्रिय कृषक बंधू,आपका फ़ोन कटने के कारण बात पूरी नही हो सकी,अतः आप 18001801551 पर दुबारा संपर्क करें।",2025-01-09T16:11:09.657,2025,1
BIHAR,MUZAFFARPUR,SARAIYA,,AGRICULTURE,Others,Others,Government Schemes,"Farmer asked about solar pump related scheme
","किसान भाई सोलर पंप के लिए ब्रेडा के हेल्पलाइन नंबर 1800 345 6204, 0612-2505734. पर संपर्क करें |
",2025-01-09T16:53:59.117,2025,1
BIHAR,MUZAFFARPUR,AURAI,,AGRICULTURE,Drug and Narcotics,Tobacco,	Water Management	,Farmer asked query on Weather,"महोदय जी मौसम विभाग के पूर्वानुमान के अनुसार आपके जिला मुजफ्फरपुर और ब्लॉक औराई  में, 10 जनवरी से 14 जनवरी के बीच वर्षा होने की संभावना नहीं है, आंशिक रूप से बादल छाए रहेंगे । कल  का अपेक्षित अधिकतम तापमान 20°C और न्यूनतम तापमान 12°C है और हवा की गति 3- 7 किलोमीटर प्रति घंटा रहने की संभावना है | मौसम के अनुसार तंबाकू में सिंचाई कर सकते हैं",2025-01-09T18:22:11.96,2025,1
BIHAR,MUZAFFARPUR,GAIGHAT,,AGRICULTURE,Others,Others,Training and Exposure Visits,Query related to Agri Clinic and Agribusiness training,"कृषि क्लिनिक और कृषि व्यवसाय प्रशिक्षण पात्रता मानदंड- कृषि और संबद्ध विषयों में स्नातक और उससे ऊपर का स्तर, जैविक विज्ञान जैसे पर्यावरण विज्ञान, वनस्पति विज्ञान, प्राणी विज्ञान और रसायन विज्ञान, जिसे यूजीसी, आईसीएआर/एसएयू और कृषि और किसान कल्याण मंत्रालय, भारत सरकार द्वारा अनुमोदित अन्य संगठनों द्वारा मान्यता प्राप्त हो।  कृषि और संबद्ध विषयों से संबंधित 60% से अधिक विषय-वस्तु वाले डिप्लोमा पाठ्यक्रम।  कम से कम 55% अंकों के साथ कृषि और संबद्ध विषयों में इंटरमीडिएट पाठ्यक्रम।",2025-01-09T20:09:38.853,2025,1
BIHAR,MUZAFFARPUR,AURAI,,HORTICULTURE,Drug and Narcotics,Tobacco,	Plant Protection	,Query related to control of rot in tabacco,किसान भाई आप अपने तम्बाकू की फसल मैंकोजेब  Mancozeb 75% डब्ल्यूपी की 2 ग्राम मात्रा प्रति लीटर पानी में मिलाकर छिरकाव कर सकते है |,2025-01-10T08:29:48.09,2025,1
BIHAR,MUZAFFARPUR,BOCHAHAN,,AGRICULTURE,Cereals,Wheat,Weed Management,"Query related to dose of (2,4-D ETHYL ESTER 38% EC) in wheat","किसान भाई गेहूं में चौड़े पत्तों वाले खरपतवार नियंत्रण हेतु (2,4-D ETHYL ESTER 38% EC) 500  मि.ली.  को 150 लीटर पानी में घोलकर प्रति एकड़ की दर से प्रयोग करें। ",2025-01-10T09:07:52.713,2025,1
BIHAR,MUZAFFARPUR,BANDRA,,AGRICULTURE,Millets,Maize (Makka),	Plant Protection	,"Query Related To Fall Armyworm Control in Maize Crop
","प्रिय किसान बंधु,मक्का के पौधों में सैनीक कीट यानी फॉल आर्मी वर्म किट के प्रकोप के लक्षण नजर आने पर क्लोरपायरीफॉस 50% + सायपरमेथ्रिन 5% ई. सी. @1.5 -2.0 मिली 1लीटर पानी में घोलकर छिडकाव करें आवश्यकता अनुसार 10 से 12 दिन के अंतराल पर दोबारा छिडकाव करें																									",2025-01-10T10:33:21.7,2025,1
BIHAR,MUZAFFARPUR,AURAI,,AGRICULTURE,Millets,Maize (Makka),Weed Management,Query Related Weed Management in maize,किसान भाई आप खरपतवार नियंत्रण के लिए टेंबोट्रियोन 34.4% एससी @115ml 120 लीटर पानी में मिलाकर प्रति एकड़ प्रयोग कर सकते हैं,2025-01-10T19:58:31.993,2025,1
BIHAR,MUZAFFARPUR,KANTI,,AGRICULTURE,Others,Others,Government Schemes,Query about fertilizer licence ,किसान भाई अगर आप उर्वरक का लाइसेंस लेना चाहते हैं तोआपको आत्मा के तहत ट्रेनिंग करना होगा |,2025-01-10T20:36:42.123,2025,1
BIHAR,MUZAFFARPUR,BOCHAHAN,,HORTICULTURE,Vegetables,Potato,Fertilizer Use and Availability,Query about fertilizer dose in potato.,आलू के फसल में मिट्टी चढ़ाते समय 65 kg यूरिया प्रति एकड़ की दर से प्रयोग करें |,2025-01-11T07:36:14.7,2025,1
BIHAR,MUZAFFARPUR,MOTIPUR,,AGRICULTURE,Others,Others,Government Schemes,Query related to eligibility for applying in PM Kisan,"किसान भाई, प्रधानमंत्री किसान सम्मान निधि योजना का लाभ लेने के लिए आवेदक का 18 साल 2019 में योजना शुरू होने से पहले होना अनिवार्य हैं तभी आपको प्रधानमंत्री किसान सम्मान निधि योजना का लाभ मिल पाएगा |",2025-01-11T08:51:36.147,2025,1
BIHAR,MUZAFFARPUR,MOTIPUR,,AGRICULTURE,Others,Others,Government Schemes,Query related to Beneficiary status of PM Kisan.," 
प्रिय कृषक बंधु स्टेटस की जानकारी प्राप्त करने के लिए आप इस लिंक https://pmkisan.gov.in/BeneficiaryStatus_New.aspx पर क्लिक करें | ",2025-01-11T09:33:04.08,2025,1
BIHAR,MUZAFFARPUR,SARAIYA,,AGRICULTURE,Oilseeds,Toria,Nutrient Management,"Query about use of ammonium sulphate  ( Nitrogen 20.5% , Sulphur 23 % ) in mustard (Tori)",किसान भाई तोरी की फसल में अमोनियम सल्फेट 1 से 1.5  किलोग्राम प्रति कट्टा  प्रयोग करे|,2025-01-11T16:25:34.097,2025,1
BIHAR,MUZAFFARPUR,KURHANI,,AGRICULTURE,Others,Others,Government Schemes,Query related to General information about Agricultural Input Subsidy Scheme ?,"किसान भाई कृषि इनपुट अनुदान योजना के बारे में विशेष जानकारी के लिए डी. बी. टी. पोर्टल के हेल्प लाइन 0612-2233555 पर संपर्क करे | 10 बजे से 6 बजे तक (शनिवार, रविवार एवं अवकाश के दिन को छोड़कर) 
",2025-01-11T19:25:27.383,2025,1
BIHAR,MUZAFFARPUR,GAIGHAT,,HORTICULTURE,Fruits,Mango,	Plant Protection	,Query about pre flowering spray in mango.,आम के पेड़ में मंजर निकलने के समय इमिडाक्लेएप्रिड 17.8SL एक मिली लीटर दवा तीन लीटर पानी में और घुलनशील गंधक चूर्ण (सल्फर 80%wdg) 3 ग्राम एक लीटर पानी में घोलकर छिड़काव कर दें।,2025-01-12T08:51:42.353,2025,1
BIHAR,MUZAFFARPUR,MOTIPUR,,AGRICULTURE,Others,Others,Government Schemes,Electricity related questions ..?,महोदय बिजली संबंधित अधिक जानकारी के लिए आप अपने बिजली विभाग में संपर्क करें |,2025-01-12T10:37:29.15,2025,1
BIHAR,MUZAFFARPUR,MINAPUR,,HORTICULTURE,Vegetables,Bhindi(Okra/Ladysfinger),Cultural Practices,Query related to Sowing time of Bhindi,"भिंडी की बुआई का समय फरबरी से मार्च में कर सकते हैं |
",2025-01-12T16:14:57.66,2025,1
BIHAR,MUZAFFARPUR,SAKRA,,AGRICULTURE,Drug and Narcotics,Tobacco,	Water Management	,Farmer asked query on Weather,"किसान भाई, मौसम विभाग के पूर्वानुमान के अनुसार आपके जिला- मुजफ्फरपुर के ब्लॉक- सकरा
में 13 जनवरी से 18 जनवरी  के बीच बारिश होने की संभावना नहीं  है आंशिक रूप से  बादल छाए रहेंगे कल का अपेक्षित अधिकतम तापमान 20 डिग्री सेल्सियस और न्यूनतम तापमान 10 डिग्री सेल्सियस और हवा की गति 08 किलोमीटर प्रति घंटा चलने की संभावना है ! मौसम के अनुसार कृषि कार्य करें !
",2025-01-12T16:46:55.417,2025,1
BIHAR,MUZAFFARPUR,GAIGHAT,,HORTICULTURE,Fruits,Mango,	Plant Protection	,Query about First Spray In Mango Before Flowering ,"प्रिय कृषक बंधू आम में पहला छिड़काव मंजर निकलने के पहले, किसी एक अनुशंसित कीटनाशी  से किया जाता है|  पहला छिड़काव इस तरह से किया जाता है कि कीटनाशी पेड़ की छाल के दरारों में छुपे मधुआ कीट तक पहुंचे क्योंकि यह वायुमंडल का तापमान बढ़ने के साथ अपनी संख्या वृद्धि में लग जाती है| 

सल्फर 80% डब्ल्यूडीजी 2 से 3 ग्राम प्रति लीटर पानी मिलाकर छिड़काव करें| 

कीटनाशी इमिडाक्लोप्रिड 17.8 SL @ 1 ml / 3 लीटर पानी को मिलाकर छिड़काव करें| ",2025-01-12T16:53:02.097,2025,1
BIHAR,MUZAFFARPUR,GAIGHAT,,AGRICULTURE,Millets,Maize (Makka),	Water Management	,Farmer asked query on Weather,"महोदय मौसम विभाग के पूर्वानुमान के अनुसार आपके जिला - मुजफ्फरपुर ब्लॉक - मुजफ्फरपुर मे , 13 जनवरी से 17 जनवरी मे आपके क्षेत्र में वर्षा होने की संभावना नहीं है, और आंशिक रूप से बादल छाए रहेंगे। आज का अपेक्षित अधिकतम तापमान (25 डिग्री सेल्सियस और न्यूनतम तापमान 14 डिग्री सेल्सियस और हवा की गति 4 किलोमीटर प्रति घंटा) चलने की संभावना है। मौसम के अनुसार फसल की सिंचाई करें|",2025-01-12T16:55:02.913,2025,1
BIHAR,MUZAFFARPUR,AURAI,,HORTICULTURE,Drug and Narcotics,Tobacco,	Plant Protection	,Query related to stem rot of tobacco ,किसान भाई तंबाकू का तना गलन सड़न नियंत्रण के लिए मैंकोजेब इंडोफिल एम 45 फफूंद नाशक दवा का 2 ग्राम मात्रा  प्रति लीटर पानी में घोल बना कर छिड़काव करें।   ,2025-01-13T09:17:27.327,2025,1
BIHAR,MUZAFFARPUR,MUSHAHARI,,HORTICULTURE,Vegetables,Brinjal,	Plant Protection	,Query about Fusarium Wilt In Brinjal ,"प्रिय कृषक बंधू बैंगन में उखड़ा रोग के नियंत्रण के लिए कार्बेन्डाजिम 50% डब्ल्यूपी 2 ग्राम प्रति लिटर पानी मिलाकर छिड़काव करें| 

प्रिय कृषक बंधू बैंगन में उखड़ा रोग के नियंत्रण के लिए कॉपर ऑक्सीकॉलोराइड 50% WP 2 ग्राम प्रति लिटर पानी मिलाकर छिड़काव करें| ",2025-01-13T14:59:32.88,2025,1
BIHAR,MUZAFFARPUR,MUSHAHARI,,HORTICULTURE,Vegetables,Bhindi(Okra/Ladysfinger),Cultural Practices,Query about Sowing time of Bhindi ,प्रिय कृषक बंधू भिंडी के बुआई का समय फरवरी से मार्च में कर सकते हैं| ,2025-01-13T15:01:54.827,2025,1
BIHAR,MUZAFFARPUR,MUSHAHARI,,HORTICULTURE,Vegetables,Bhindi(Okra/Ladysfinger),Cultural Practices,Query about Variety of okra ( Bhindi ),"भिंडी का उन्नत प्रभेद  :- प्रभनी क्रांति, अर्का अभय, अर्का अनामिका, वर्षा उपहार, के.इस. 312, पंजाब-7, ओक्रा-4, पंत भिंडी -1, काशी प्रगति, काशी विभूति, काशी लीला, रश्मि, पंजाब पद्मिनी, सेलेक्शन-10 

भिंडी का हाइब्रिड प्रभेद :- भवानी, कृष्णा, इंद्रनील, काशी भैरव, काशी महिमा ",2025-01-13T15:03:32.967,2025,1
BIHAR,MUZAFFARPUR,MUSHAHARI,,HORTICULTURE,Vegetables,Bhindi(Okra/Ladysfinger),Cultural Practices,Query about Variety of okra ( Bhindi ),"भिंडी का उन्नत प्रभेद  :- प्रभनी क्रांति, अर्का अभय, अर्का अनामिका, वर्षा उपहार, के.इस. 312, पंजाब-7, ओक्रा-4, पंत भिंडी -1, काशी प्रगति, काशी विभूति, काशी लीला, रश्मि, पंजाब पद्मिनी, सेलेक्शन-10 

भिंडी का हाइब्रिड प्रभेद :- भवानी, कृष्णा, इंद्रनील, काशी भैरव, काशी महिमा ",2025-01-13T15:03:32.967,2025,1
BIHAR,MUZAFFARPUR,MINAPUR,,AGRICULTURE,Millets,Maize (Makka),	Water Management	,Farmer asked query on Weather,"महोदय,मौसम विभाग की पूर्वानुमान के अनुसार आपके जिला-मुजफ्फरपुर ,ब्लॉक-मीनापुर में 13 जनवरी से 17 जनवरी के बीच बारिश की संभावना नहीं है,आंशिक रूप से बदल नूमा मौसम बने रहने की संभावना है न्यूनतम तापमान 13 डिग्री सेल्सियस ,अधिकतम तापमान 22 डिग्री सेल्सियस और हवा की रफ्तार 7 किलोमीटर प्रति घंटे रहने की संभावना है मौसम के अनुसार मक्का की फसल में सिंचाई करें ",2025-01-13T17:01:48.967,2025,1
BIHAR,MUZAFFARPUR,MOTIPUR,,AGRICULTURE,Others,Others,Government Schemes,Farmer Asked About Physical Verification in Pm Kisan Samman Nidhi Yojana ,"प्रिय कृषक बंधू, प्रधानमंत्री किसान सम्मान निधि योजना मे भौतिक सत्यापन करवाना अनिवार्य है,और उसके लिए अपने ब्लॉक के किसान भवन में पंचायत कृषि समन्वयक / पंचायत किसान सलाहकार से संपर्क करें। ",2025-01-13T19:19:09.81,2025,1
BIHAR,MUZAFFARPUR,MINAPUR,,HORTICULTURE,Vegetables,Potato,"Water Management, Micro Irrigation",Farmer asked query on Weather,"किसान भाई, मौसम विभाग के पूर्वानुमान के अनुसार आपके जिला-मुज़्ज़फरपुर  ब्लॉक-मीनापुर मे, 14 जनवरी  से 18 जनवरी के बीच बूंदा बांदी से बारिश होने की संभावना नही है, आंशिक रूप से बादल छाए रहेंगे। आज का अपेक्षित अधिकतम तापमान 25 डिग्री सेल्सियस और न्यूनतम तापमान 15  डिग्री सेल्सिय और हवा की गति 6 किलोमीटर प्रति घंटा चलने की संभावना है |मौसम के अनुकूल आलू की सिंचाई करें | 
",2025-01-14T08:19:14.87,2025,1
BIHAR,MUZAFFARPUR,MOTIPUR,,AGRICULTURE,Others,Others,Government Schemes,Query related to helpline number of PM Kisan .,"प्रधानमंत्री किसान सम्मान निधि योजना का हेल्प लाईन नंबर : - 011-24300606, 011-23381092, 1800115526 / 155261 पर संपर्क करे |10 बजे से 6 बजे तक (सोमवार से शुक्रवार तक)",2025-01-14T11:37:09.177,2025,1
BIHAR,MUZAFFARPUR,PAROO,,AGRICULTURE,Others,Others,Government Schemes,FARMER ASKED ABOUT TO PM KISAN SAMMAN NIDHI YOJANA  ?, पीएम किसान योजना की 19वीं किस्त फरवरी (2025) के पहले हफ्ते में आने की उम्मीद है,2025-01-14T14:06:33.257,2025,1
BIHAR,MUZAFFARPUR,MINAPUR,,HORTICULTURE,Vegetables,Potato,Cultural Practices,Farmer asked query on Weather,"महोदय,मौसम विभाग की पूर्वानुमान के अनुसार आपके जिला-मुजफ्फरपुर ,ब्लॉक-मीनापुर में 14 जनवरी से 18 जनवरी के बीच बारिश की संभावना नहीं है,आंशिक रूप से बदल नूमा मौसम बने रहने की संभावना है न्यूनतम तापमान 12 डिग्री सेल्सियस ,अधिकतम तापमान 22 डिग्री सेल्सियस और हवा की रफ्तार 7 किलोमीटर प्रति घंटे रहने की संभावना है मौसम के अनुसार आलू की फसल में दवा का छिड़काव करें",2025-01-14T16:03:48.24,2025,1
BIHAR,MUZAFFARPUR,SAKRA,,AGRICULTURE,Cereals,Wheat,	Water Management	,Farmer asked query on Weather,"महोदय मौसम विभाग के पूर्वानुमान के अनुसार आपके जिला -मुज़्ज़फरपुर , ब्लॉक- सकरा में,अगले 5 दिन तक बारिश होने की संभावना नहींहै आंशिक रूप से बादल छाए रहेंगे | आज का न्यूनतम तापमान 14 डिग्री सेल्सियस और अधिकतम तापमान 24 डिग्री सेल्सियस एवं हवा की गति 6 किलोमीटर प्रति घंटे से रहने के संभावना है | मौसम के अनुसार गेहूं में सिंचाई कर सकते है !
",2025-01-14T19:03:44.593,2025,1
BIHAR,MUZAFFARPUR,MINAPUR,,HORTICULTURE,Vegetables,Potato,	Plant Protection	,Farmer asked query on Weather,"महोदय मौसम विभाग के पूर्वानुमान के अनुसार आपके जिला -मुजफ्फरपुर, ब्लॉक-मीनापुर में, अगले 5 दिनों में बारिश होने की कोई भी संभावना नहीं है, आंशिक रूप से बादल छाए रहेंगे | आज का न्यूनतम तापमान 11 डिग्री सेल्सियस और अधिकतम तापमान 22 डिग्री सेल्सियस एवं हवा की गति5 किलोमीटर प्रति घंटे से रहने के संभावना है | मौसम के अनुसार दवा का छिड़काव करें !",2025-01-15T08:25:22.427,2025,1
BIHAR,MUZAFFARPUR,PAROO,,AGRICULTURE,Cereals,Wheat,	Water Management	,Farmer asked query on Weather,"महोदय मौसम विभाग के पूर्वानुमान के अनुसार आपके जिला - मुजफ्फरपुर ब्लॉक - मोतीपुर   मे , 15 जनवरी से 19 जनवरी मे आपके क्षेत्र में वर्षा होने की संभावना नहीं है, और आंशिक रूप से बादल छाए रहेंगे। आज का अपेक्षित अधिकतम तापमान (23 डिग्री सेल्सियस और न्यूनतम तापमान 12 डिग्री सेल्सियस और हवा की गति 3 किलोमीटर प्रति घंटा) चलने की संभावना है। मौसम के अनुसार फसल की सिंचाई करें|",2025-01-15T08:50:32.34,2025,1
BIHAR,MUZAFFARPUR,PAROO,,AGRICULTURE,Oilseeds,Toria,	Water Management	,Query about Water management in Mustard ,प्रिय कृषक बंधू सरसों की फसल में सिंचित अवस्था में दो सिंचाई करें पहली सिंचाई फूल आने से पूर्व तथा दूसरी सिंचाई फलियां के लगने के समय करें| ,2025-01-15T08:53:15.18,2025,1
BIHAR,MUZAFFARPUR,KURHANI,,AGRICULTURE,Cereals,Wheat,	Water Management	,Farmer asked query on Weather,किसान भाई आप के क्षेत्र में अगले 5 दिन तक  बारिश होने की सम्भावन नहीं   है| आज का अधिकतम तापमान (22 डिग्री सेल्सियस और न्यूनतम तापमान 11 डिग्री सेल्सियस और हवा की गति 4 किलोमीटर प्रति घंटे  से पछिया  हवा ) चलने की संभावना है| किसान भाई आप मौसम को देखते हुए कृषि कार्य कर सकते हैं| ,2025-01-15T12:25:35.587,2025,1
BIHAR,MUZAFFARPUR,MINAPUR,,HORTICULTURE,Vegetables,Potato,"Water Management, Micro Irrigation",Farmer asked query on Weather,"महोदय मौसम विभाग के पूर्वानुमान के अनुसार आपके जिला - मुजफ्फरपुर के कांटी   मे , 15 जनवरी से 19 जनवरी मे आपके क्षेत्र में वर्षा होने की संभावना नहीं है, और आंशिक रूप से बादल छाए रहेंगे। आज का अपेक्षित अधिकतम तापमान (25 डिग्री सेल्सियस और न्यूनतम तापमान 12 डिग्री सेल्सियस और हवा की गति 2 किलोमीटर प्रति घंटा) चलने की संभावना है। मौसम के अनुसार फसल की सिंचाई करें|",2025-01-15T12:47:28.49,2025,1
BIHAR,MUZAFFARPUR,AURAI,,HORTICULTURE,Fruits,Litchi,	Plant Protection	,query about protection of aphids and fungal disease in ,"किसान भाई आम के पेड़ में Acetamiprid 20% SP 1 ग्राम मात्रा प्रति 3 लीटर पानी में मिलकर स्प्रे करे 
Carbendazim 12% + Mancozeb 63% WP की 2 ग्राम मात्रा प्रति लीटर पानी की दर से स्प्रे करे | ",2025-01-15T16:16:22.913,2025,1
BIHAR,MUZAFFARPUR,SARAIYA,,AGRICULTURE,Others,Others,Government Schemes,"Query related to installment issue in PM Kisan.

","--प्रधानमंत्री किसान सम्मान निधि योजना का हेल्प लाईन नंबर :- 011-24300606 / 155261 पर संपर्क करे | 10 बजे से 6 बजे तक (सोमवार से शुक्रवार तक)
",2025-01-15T17:01:02.38,2025,1
BIHAR,MUZAFFARPUR,MURAUL,,AGRICULTURE,Others,Others,Government Schemes,Query related to helpline number of PM Kisan .,"प्रधानमंत्री  किसान सम्मान निधि योजना के हेल्पलाइन नंबर पर संपर्क करें :- 011-24300606, 155261   ",2025-01-16T11:58:01.91,2025,1
BIHAR,MUZAFFARPUR,SAKRA,,HORTICULTURE,Vegetables,Potato,	Plant Protection	,Query related to wilting of potato plant,किसान भाई अब मेटलेक्सिल का छिड़काव 2 ग्राम प्रति लीटर की दर से कर सकते हैं,2025-01-16T13:40:52.313,2025,1
BIHAR,MUZAFFARPUR,AURAI,,HORTICULTURE,Drug and Narcotics,Tobacco,"Water Management, Micro Irrigation",Farmer asked query on Weather,"किसान भाई  मौसम विभाग के पूर्वानुमान के अनुसारआपके जिला मुजफ्फरपुर ब्लाक औराई  में 16 जनवरी से 20 जनवरी  के बीच आपके क्षेत्र में  वर्षा होने की संभावना नहीं हैै, आंशिक रूप से बादल छाए रहेंगे । कल का अपेक्षित अधिकतम तापमान 19 डिग्री सेल्सियस और न्यूनतम तापमान 11 डिग्री सेल्सियस और हवा की गति 9 किलोमीटर  प्रति घंटा से  हवा  चलने की  संभावना है  |किसान भाई फसल में सिंचाई का कार्य कर सकते हैं | ",2025-01-16T14:25:20.477,2025,1
BIHAR,MUZAFFARPUR,MURAUL,,HORTICULTURE,Condiments and Spices,Garlic,	Plant Protection	,query about yellowing of leaves in garlic ,प्रिय कृषक बंधू  लहसुन में   मेंकोजेब का 2 ग्राम प्रति लिटर पानी और स्टिकर को मिलाकर छिड़काव करें | ,2025-01-17T06:40:29.737,2025,1
BIHAR,MUZAFFARPUR,MINAPUR,,AGRICULTURE,Cereals,Wheat,	Water Management	,Farmer asked query on Weather,"महोदय मौसम विभाग के पूर्वानुमान के अनुसार आपके जिला- मुजफ्फरपुर ब्लॉक- कांटी मे 17 जनवरी से 21 जनवरी के बीच बारिश की संभावना नहीं  है, आंशिक रूप से बादल छाए रहेंगे। आज का न्यूनतम तापमान 11°C और अधिकतम तापमान 22°C एवं हवा की गति 7-11 किलोमीटर प्रति घंटा रहने की संभावना है। मौसम के अनुसार गेहूं की सिंचाई करें I",2025-01-17T09:36:32.187,2025,1
BIHAR,MUZAFFARPUR,MINAPUR,,AGRICULTURE,Others,Others,Government Schemes,Query About PM Kisan Samman Nidhi Yojana,प्रिय कृषक बंधु स्टेटस की जानकारी प्राप्त करने के लिए आप इस लिंक https://pmkisan.gov.in/BeneficiaryStatus_New.aspx पर क्लिक करें |,2025-01-17T15:22:15.03,2025,1
BIHAR,MUZAFFARPUR,BOCHAHAN,,AGRICULTURE,Millets,Maize (Makka),Weed Management,"Farmer asked about post emergence herbicide application in Maize 
","प्रिय कृषक बंधू मक्का में आप नीकौनी द्वारा खरपतवार का नियंत्रण करें | आप अभी कोई भी खरपतवारनाशी का प्रयोग नहीं करेंगे।
",2025-01-17T18:48:31.46,2025,1
BIHAR,MUZAFFARPUR,MOTIPUR,,AGRICULTURE,Oilseeds,Mustard,	Plant Protection	,Query about spray medicine on mustard during flowering stage,किसान भाई सरसों में फूल की अवस्था में कोई भी दवा का स्प्रे ना करें|,2025-01-17T18:51:54.903,2025,1
BIHAR,MUZAFFARPUR,SAHEBGANJ,,AGRICULTURE,Others,Others,Government Schemes,Query related to next installment in PM Kisan.,"किसान भाई प्रधानमंत्री किसान सम्मान निधि योजना की 19वीं किस्त फरवरी महीने में आने की संभावना है अभी कोई तिथि निर्धारित नहीं की गई है , कृपया प्रतीक्षा करें |
",2025-01-18T07:48:15.863,2025,1
BIHAR,MUZAFFARPUR,MUSHAHARI,,AGRICULTURE,Others,Others,Government Schemes,Query related to next installment in PM Kisan.,"प्रिय कृषक बंधु प्रधानमंत्री किसान सम्मान निधि योजना की 19 वीं किस्त फरवरी माह में आने की संभावना है, प्रतीक्षा करें |",2025-01-18T10:48:46.057,2025,1
BIHAR,MUZAFFARPUR,SARAIYA,,AGRICULTURE,Others,Others,Government Schemes,Query related to Pradhan Mantri Kisan Samman Nidhi Yojana Status Check   ,"किसान भाई प्रधानमंत्री किसान सम्मान निधि योजना की आवेदन की स्थिति-उप-जिला/ब्लॉक द्वारा अस्वीकृत किया गया है आप ब्लॉक में कृषि समन्वयक या कृषि पदाधिकारी से संपर्क करें
",2025-01-18T19:57:18.583,2025,1
BIHAR,MUZAFFARPUR,MOTIPUR,,AGRICULTURE,Millets,Maize (Makka),Varieties,Query related to Variety of Maize ,"किसान भाई गरमा मक्का की बुवाई के लिए प्रभेद शक्तिमान -1, 2, गंगा-11, देवकी और सुआन की मक्का की बुवाई की जानी चाहिए। बीज दर 20 किलोग्राम / हेक्टेयर है | ",2025-01-19T09:39:24.02,2025,1
BIHAR,MUZAFFARPUR,AURAI,,AGRICULTURE,Others,Others,Government Schemes,"Query related to the next instalment in PM Kisan.
","किसान भाई प्रधानमंत्री किसान सम्मान निधि योजना की 19वी क़िस्त की राशि फरवरी या मार्च 2025 में जारी की जाने की संभावना है, अभी तिथि निर्धारित नहीं की गई है, प्रतिच्छा करें |  
",2025-01-19T09:42:09.173,2025,1
BIHAR,MUZAFFARPUR,BANDRA,,AGRICULTURE,Oilseeds,Mustard,Nutrient Management,Query related to Nutrient management in Wheat ,किसान भाई सरसों की फसल में NPK 00:52:34 की 5 ग्राम मात्रा प्रति लीटर पानी की दर से स्प्रे करे  |,2025-01-19T14:52:37.473,2025,1
BIHAR,MUZAFFARPUR,AURAI,,AGRICULTURE,Cereals,Wheat,Weed Management,"Query about HEERA-44 (2,4-D Ethyl Ester 38% EC)

","किसान भाई गेहूं में गेहूं की फसल में HEERA-44 (2,4-D Ethyl Ester 38% EC) बुवाई/रोपण के 30-35 दिनों के बीच प्रयोग किया जाना चाहिए।",2025-01-20T09:25:39.063,2025,1
BIHAR,MUZAFFARPUR,KANTI,,AGRICULTURE,Millets,Maize (Makka),	Plant Protection	,Query About Over Dose Of Weedicide Use In Maize,किसान भाई आप अपने मक्का की फसल में सिंचाई करके 28 से 30 किलोग्राम प्रति एकड़ यूरिया का प्रयोग करें |,2025-01-20T10:22:06.13,2025,1
BIHAR,MUZAFFARPUR,MINAPUR,,AGRICULTURE,Others,Others,Weather,Farmer asked query on Weather,"महोदय,आपके जिले- मुजफ्फरपुर प्रखंड- कांटी में 20 जनवरी से 26 जनवरी के बीच बारिश होने की संभावना नही है,आंशिक रूप से बादल छाए रहेंगे। न्यूनतम तापमान 11°C और अधिकतम तापमान 21°C एवं हवा की गति 7 किलोमीटर प्रति घंटा रहने की संभावना है।मौसम के अनुसार आप गेहूँ की सिंचाई करें |
",2025-01-20T13:06:51.977,2025,1
BIHAR,MUZAFFARPUR,BOCHAHAN,,HORTICULTURE,Vegetables,Potato,	Plant Protection	,Prevention from late blight disease of potato related query ,प्रिय कृषक बंधू आलू में पिछात झुलसा से प्रबंधन के लिए संक्रमित फसल में प्रोपिनेब 70 प्रतिशत डब्ल्यूपी 2 ग्राम  प्रति लीटर पानी में मिलाकर स्प्रे करें |,2025-01-21T11:20:08.01,2025,1
BIHAR,MUZAFFARPUR,AURAI,,AGRICULTURE,Drug and Narcotics,Tobacco,Post Harvest Preservation,Farmer asked query on Weather,"महोदय जी मौसम विभाग के पूर्वानुमान के अनुसार आपके जिला मुजफ्फरपुर और ब्लॉक औराई में, 22 जनवरी से 26 जनवरी के बीच वर्षा होने की संभावना नहीं है, आंशिक रूप से बादल छाए रहेंगे । कल  का अपेक्षित अधिकतम तापमान 19°C और न्यूनतम तापमान 12°C है और हवा की गति 4- 7 किलोमीटर प्रति घंटा रहने की संभावना है | मौसम के अनुसार तंबाकू की कटाई कर सकते हैं",2025-01-21T14:36:57.34,2025,1
BIHAR,MUZAFFARPUR,KATRA,,AGRICULTURE,Others,Others,Government Schemes,Query related to Beneficiary status of PM Kisan.,किसान भाई से वसुधा से आप प्रधानमंत्री किसान सम्मन निधि योजना का बेनिफिशियरी स्टेटस जांच कर सकते हैं,2025-01-21T14:49:16.89,2025,1
BIHAR,MUZAFFARPUR,GAIGHAT,,AGRICULTURE,Others,Others,Government Schemes,"Query related to Installment of PM Kisan ..?
","किसान बंधू किसान सम्मान निधि योजना का क़िस्त यदि नहीं प्राप्त हो रहा है तो अपने डॉक्मेंट लेकर बसुधा केन्द्र पर चेक कराये या जिला कृषि पदाधिकारी जी से संपर्क करे |
",2025-01-22T09:28:11.15,2025,1
BIHAR,MUZAFFARPUR,BANDRA,,HORTICULTURE,Vegetables,Potato,	Plant Protection	,Query related to Yellowing in Potato ,किसान भाई आलू के फसल पर कार्बेन्डाजिम 12% + मैन्कोजेब 63% wp @ 2 ग्राम / लीटर पानी में मिलाकर छिड़काव करे,2025-01-22T16:48:12.023,2025,1
BIHAR,MUZAFFARPUR,BANDRA,,AGRICULTURE,Millets,Maize (Makka),	Plant Protection	,Query related to Fall army warm attack in maize ,मक्का में फॉल आर्मी वर्म के नियंत्रण के लिए (1) स्पाईनेटोरम 11.7% एस.सी. 1 मिलीलीटर प्रति 2 लीटर पानी में मिलाकर छिड़काव करें | (2) क्लोरेंट्रानिलिप्रोएल 18.5% एससी 2 मिलीलीटर प्रति 5 लीटर पानी में मिलाकर छिड़काव करें | (3) थियामेथोक्साम 12.6 डब्ल्यू.जी. + लैंबडा- सायलोथ्रिन 9.5 जेड. सी. 1 मिलीलीटर प्रति  4 लीटर पानी में मिलाकर छिड़काव करें | ,2025-01-22T16:49:18.277,2025,1
BIHAR,MUZAFFARPUR,AURAI,,HORTICULTURE,Drug and Narcotics,Tobacco,"Water Management, Micro Irrigation",Farmer asked query on Weather,"किसान भाई, मौसम विभाग के पूर्वानुमान के अनुसार आपके जिला- मुजफ्फरपुर ब्लॉक- औराई मे, 23 जनवरी को बारिश नहीं होने की संभावना है,आंशिक रूप से बादल छाए रहेंगे| कल का अपेक्षित अधिकतम तापमान 24 डिग्री सेल्सियस और न्यूनतम तापमान 11 डिग्री सेल्सियस और हवा की गति 03 किलोमीटर प्रति घंटा चलने की संभावना है| मौसम के अनुसर फसल में सिंचाई करें।
",2025-01-22T18:46:26.2,2025,1
BIHAR,MUZAFFARPUR,BOCHAHAN,,HORTICULTURE,Vegetables,Potato,Nutrient Management,Farmer asked query on Weather,"महोदय मौसम विभाग के पूर्वानुमान के अनुसार आपके जिला-मुजफ्फरपुर     ब्लॉक- बोचहाँ   मे  , 23 जनवरी से 29 जनवरी  के  बीच बारिश की संभावना नहीं  है, आंशिक रूप से बादल छाए रहेंगे। न्यूनतम तापमान  13°C और अधिकतम तापमान 22°C  एवं हवा की गति 01 - 02 किलोमीटर प्रति घंटा रहने की संभावना है मौसम के अनुसार आलू की फसल में उर्वरक का प्रयोग कर सकते हैं |",2025-01-23T07:04:15.48,2025,1
BIHAR,MUZAFFARPUR,KURHANI,,AGRICULTURE,Cereals,Wheat,Nutrient Management,Query about nutrient management in wheat ,"किसान भाई आप अपने गेहूं की फसल में NPK 00:52:34 की 5 ग्राम मात्रा प्रति लीटर पानी की दर से स्प्रे करे I
",2025-01-23T09:53:08.35,2025,1
BIHAR,MUZAFFARPUR,BOCHAHAN,,AGRICULTURE,Others,Others,Government Schemes,Query related to next installment in PM Kisan.,"प्रिय कृषक बंधु प्रधानमंत्री किसान सम्मान निधि योजना की 19 वीं किस्त फरवरी माह में आने की संभावना है, प्रतीक्षा करें |",2025-01-23T11:21:30.527,2025,1
BIHAR,MUZAFFARPUR,MINAPUR,,AGRICULTURE,Cereals,Wheat,	Water Management	,Farmer asked query on Weather,"महोदय मौसम विभाग के पूर्वानुमान के अनुसार आपके जिला- मुजफ्फरपुर  ब्लॉक-.मीनापुर मे 23 जनवरी  से 27 जनवरी  के  बीच बारिश की संभावना नहीं  है,  आज का न्यूनतम तापमान  12°C और अधिकतम तापमान 25°C  एवं हवा की गति 4  किलोमीटर प्रति घंटा रहने की संभावना है। मौसम के अनुसार सिंचाई करें  I",2025-01-23T12:43:33.44,2025,1
BIHAR,MUZAFFARPUR,GAIGHAT,,AGRICULTURE,Cereals,Wheat,	Water Management	,Farmer asked query on Weather,"महोदय,मौसम विभाग की पूर्वानुमान के अनुसार आपके जिला-मुजफ्फरपुर ,ब्लॉक-गायघाट में 23 जनवरी से 27 जनवरी के बीच बारिश की संभावना नहीं है,आंशिक रूप से बदल नूमा मौसम बने रहने की संभावना है न्यूनतम तापमान 15 डिग्री सेल्सियस ,अधिकतम तापमान 23 डिग्री सेल्सियस और हवा की रफ्तार 11 किलोमीटर प्रति घंटे रहने की संभावना है मौसम के अनुसार गेहूं की फसल में सिंचाई करें ",2025-01-23T14:12:49.467,2025,1
